molecul e_chembl_id,canonical_smiles,bioactivity_class,standard_value
CHEMBL288441,COc1cc(Nc2c(C#N)cnc3cc(OCCCN4CCN(C)CC4)c(OC)cc23)c(Cl)cc1Cl,active,20.0
CHEMBL386051,CSc1cccc(Nc2ncc3cc(-c4c(Cl)cccc4Cl)c(=O)n(C)c3n2)c1,active,2.0
CHEMBL364623,Cc1cc(Nc2ncc(C(=O)Nc3c(C)cccc3Cl)s2)nc(C)n1,active,3.0
CHEMBL5416410,Cc1nc(Nc2ncc(C(=O)Nc3c(C)cccc3Cl)s2)cc(N2CCN(CCO)CC2)n1.O,active,1.0
CHEMBL5416410,Cc1nc(Nc2ncc(C(=O)Nc3c(C)cccc3Cl)s2)cc(N2CCN(CCO)CC2)n1.O,active,1.0
CHEMBL5416410,Cc1nc(Nc2ncc(C(=O)Nc3c(C)cccc3Cl)s2)cc(N2CCN(CCO)CC2)n1.O,active,0.8
CHEMBL941,Cc1ccc(NC(=O)c2ccc(CN3CCN(C)CC3)cc2)cc1Nc1nccc(-c2cccnc2)n1,active,1.1
CHEMBL1077317,Cc1cn(-c2cc(NC(=O)c3ccc(C)c(/C=C/N4CNc5c(NC6CC6)ncnc54)c3)cc(C(F)(F)F)c2)cn1,active,8.0
CHEMBL1081312,Nc1ncnc2c1c(-c1cnc3[nH]ccc3c1)nn2C1CCCC1,active,18.0
CHEMBL483847,NC(=O)c1cccc(-c2cc(Nc3ccc(OC(F)(F)F)cc3)ncn2)c1,intermediate,267.0
CHEMBL941,Cc1ccc(NC(=O)c2ccc(CN3CCN(C)CC3)cc2)cc1Nc1nccc(-c2cccnc2)n1,intermediate,204.0
CHEMBL941,Cc1ccc(NC(=O)c2ccc(CN3CCN(C)CC3)cc2)cc1Nc1nccc(-c2cccnc2)n1,intermediate,473.0
CHEMBL941,Cc1ccc(NC(=O)c2ccc(CN3CCN(C)CC3)cc2)cc1Nc1nccc(-c2cccnc2)n1,intermediate,221.0
CHEMBL255863,Cc1cn(-c2cc(NC(=O)c3ccc(C)c(Nc4nccc(-c5cccnc5)n4)c3)cc(C(F)(F)F)c2)cn1,active,42.0
CHEMBL255863,Cc1cn(-c2cc(NC(=O)c3ccc(C)c(Nc4nccc(-c5cccnc5)n4)c3)cc(C(F)(F)F)c2)cn1,active,20.0
CHEMBL941,Cc1ccc(NC(=O)c2ccc(CN3CCN(C)CC3)cc2)cc1Nc1nccc(-c2cccnc2)n1,intermediate,309.0
CHEMBL255863,Cc1cn(-c2cc(NC(=O)c3ccc(C)c(Nc4nccc(-c5cccnc5)n4)c3)cc(C(F)(F)F)c2)cn1,active,39.3
CHEMBL1760363,Cc1cn(-c2cc(NC(=O)c3ccc(C)c(Nc4nc(-c5cccnc5)cs4)c3)cc(C(F)(F)F)c2)cn1,intermediate,671.0
CHEMBL1760364,Cc1ccc(C(=O)Nc2cc(-n3ccnc3)cc(C(F)(F)F)c2)cc1Nc1nc(-c2cccnc2)cs1,intermediate,507.0
CHEMBL1760365,Cc1ncn(-c2cc(NC(=O)c3ccc(C)c(Nc4nc(-c5cccnc5)cs4)c3)cc(C(F)(F)F)c2)n1,intermediate,480.0
CHEMBL1760366,Cc1ccc(C(=O)Nc2cc(-c3cnn(C)c3)cc(C(F)(F)F)c2)cc1Nc1nc(-c2cccnc2)cs1,intermediate,491.0
CHEMBL1760367,Cc1ccc(C(=O)Nc2cc(-c3cn(C)nn3)cc(C(F)(F)F)c2)cc1Nc1nc(-c2cccnc2)cs1,intermediate,277.0
CHEMBL1760368,Cc1ccc(C(=O)Nc2cccc(C(F)(F)F)c2)cc1Nc1nc(-c2cccnc2)cs1,inactive,10000.0
CHEMBL1760369,Cc1cc(NC(=O)c2ccc(C)c(Nc3nc(-c4cccnc4)cs3)c2)cc(-n2cnc(C)c2)c1,intermediate,774.0
CHEMBL1760370,Cc1cn(-c2cc(NC(=O)c3ccc(C)c(Nc4nc(-c5cccnc5)cs4)c3)cc(C(C)C)c2)cn1,intermediate,177.0
CHEMBL1760371,Cc1cn(-c2cc(NC(=O)c3ccc(C)c(Nc4nc(-c5cccnc5)cs4)c3)cc(C(C)(C)C)c2)cn1,active,20.1
CHEMBL1760372,Cc1cn(-c2cc(NC(=O)c3ccc(C)c(Nc4nc(-c5cccnc5)cs4)c3)cc(C34CC5CC(CC(C5)C3)C4)c2)cn1,inactive,2000.0
CHEMBL1760373,Cc1cn(-c2cc(Cl)cc(NC(=O)c3ccc(C)c(Nc4nc(-c5cccnc5)cs4)c3)c2)cn1,inactive,1300.0
CHEMBL1760374,Cc1cn(-c2cc(NC(=O)c3cccc(Nc4nc(-c5cccnc5)cs4)c3)cc(C(F)(F)F)c2)cn1,inactive,3780.0
CHEMBL1760375,CCc1ccc(C(=O)Nc2cc(-n3cnc(C)c3)cc(C(F)(F)F)c2)cc1Nc1nc(-c2cccnc2)cs1,inactive,5510.0
CHEMBL1214141,Cc1ccc(Nc2ncc3c(n2)N(C)C(=O)N(c2cc(NC(=O)c4cccc(C(F)(F)F)c4)ccc2C)C3)cn1,active,1.25
CHEMBL2178281,CC(C)c1ccc(C(=O)Nc2ccc(CN3CCN(C)CC3)c(C(F)(F)F)c2)cc1-n1cc(-c2cnc3[nH]ncc3c2)nn1,active,66.0
CHEMBL2178280,CN1CCN(Cc2ccc(NC(=O)c3ccc(C4CC4)c(-n4cc(-c5cnc6[nH]ncc6c5)nn4)c3)cc2C(F)(F)F)CC1,active,15.0
CHEMBL2178279,CCc1ccc(C(=O)Nc2ccc(CN3CCN(C)CC3)c(C(F)(F)F)c2)cc1-n1cc(-c2cnc3[nH]ncc3c2)nn1,active,0.98
CHEMBL2178278,CN1CCN(Cc2ccc(NC(=O)c3ccc(Br)c(-n4cc(-c5cnc6[nH]ncc6c5)nn4)c3)cc2C(F)(F)F)CC1,active,0.7
CHEMBL2178277,CN1CCN(Cc2ccc(NC(=O)c3ccc(Cl)c(-n4cc(-c5cnc6[nH]ncc6c5)nn4)c3)cc2C(F)(F)F)CC1,active,0.36
CHEMBL2178276,CN1CCN(Cc2ccc(NC(=O)c3ccc(F)c(-n4cc(-c5cnc6[nH]ncc6c5)nn4)c3)cc2C(F)(F)F)CC1,active,0.42
CHEMBL2178275,CN1CCN(Cc2ccc(NC(=O)c3cccc(-n4cc(-c5cnc6[nH]ncc6c5)nn4)c3)cc2C(F)(F)F)CC1,active,1.01
CHEMBL2178274,Cc1ncn(-c2cc(NC(=O)c3ccc(C)c(-n4cc(-c5cnc6[nH]ncc6c5)nn4)c3)cc(C(F)(F)F)c2)n1,active,1.94
CHEMBL2178273,Cc1ccc(C(=O)Nc2cc(-n3cncn3)cc(C(F)(F)F)c2)cc1-n1cc(-c2cnc3[nH]ncc3c2)nn1,active,1.03
CHEMBL2178272,Cc1cn(-c2cc(NC(=O)c3ccc(C)c(-n4cc(-c5cnc6[nH]ncc6c5)nn4)c3)cc(C(F)(F)F)c2)cn1,active,1.66
CHEMBL2178271,Cc1ccc(C(=O)Nc2ccc(CN3C[C@H]4CN(C)C[C@H]4C3)c(C(F)(F)F)c2)cc1-n1cc(-c2cnc3[nH]ncc3c2)nn1,active,0.41
CHEMBL2178270,Cc1ccc(C(=O)Nc2ccc(CN3CCC(N(C)C)CC3)c(C(F)(F)F)c2)cc1-n1cc(-c2cnc3[nH]ncc3c2)nn1,active,0.33
CHEMBL2178269,Cc1ccc(C(=O)Nc2ccc(CN3CCC(N4CCN(C)CC4)CC3)c(C(F)(F)F)c2)cc1-n1cc(-c2cnc3[nH]ncc3c2)nn1,active,0.52
CHEMBL2178268,Cc1ccc(C(=O)Nc2ccc(CN3CCCN(C)CC3)c(C(F)(F)F)c2)cc1-n1cc(-c2cnc3[nH]ncc3c2)nn1,active,0.45
CHEMBL2178267,Cc1ccc(C(=O)Nc2ccc(CN3CCOCC3)c(C(F)(F)F)c2)cc1-n1cc(-c2cnc3[nH]ncc3c2)nn1,active,1.42
CHEMBL2177650,Cc1ccc(C(=O)Nc2ccc(CN3CCCCC3)c(C(F)(F)F)c2)cc1-n1cc(-c2cnc3[nH]ncc3c2)nn1,active,2.56
CHEMBL2177649,Cc1ccc(C(=O)Nc2ccc(CN3CC[C@@H](N(C)C)C3)c(C(F)(F)F)c2)cc1-n1cc(-c2cnc3[nH]ncc3c2)nn1,active,0.45
CHEMBL2177648,Cc1ccc(C(=O)Nc2ccc(CN3CC[C@H](N(C)C)C3)c(C(F)(F)F)c2)cc1-n1cc(-c2cnc3[nH]ncc3c2)nn1,active,0.52
CHEMBL2177647,Cc1ccc(C(=O)Nc2ccc(CN3CCCC3)c(C(F)(F)F)c2)cc1-n1cc(-c2cnc3[nH]ncc3c2)nn1,active,0.72
CHEMBL2177646,Cc1ccc(C(=O)Nc2ccc(CN3CCN(C)CC3)c(C(F)(F)F)c2)cc1-n1cc(-c2cnc3[nH]nc(C)c3c2)nn1,active,0.52
CHEMBL2177645,Cc1ccc(C(=O)Nc2ccc(CN3CCN(C)CC3)c(C(F)(F)F)c2)cc1-n1cc(-c2cnc3[nH]ncc3c2)nn1,active,0.6
CHEMBL2177644,Cc1ccc(C(=O)Nc2ccc(CN3CCN(C)CC3)c(C(F)(F)F)c2)cc1-n1cc(-c2ccc3[nH]ncc3c2)nn1,active,17.8
CHEMBL2177643,Cc1ccc(C(=O)Nc2ccc(CN3CCN(C)CC3)c(C(F)(F)F)c2)cc1-n1cc(-c2ccc3[nH]ccc3c2)nn1,intermediate,302.0
CHEMBL2177642,Cc1ccc(C(=O)Nc2ccc(CN3CCN(C)CC3)c(C(F)(F)F)c2)cc1-n1cc(-c2cnc3[nH]ccc3c2)nn1,active,0.69
CHEMBL2177641,Cc1ccc(C(=O)Nc2ccc(CN3CCN(C)CC3)c(C(F)(F)F)c2)cc1-n1cc(-c2cnc3ncnn3c2)nn1,active,22.6
CHEMBL2177640,Cc1ccc(C(=O)Nc2ccc(CN3CCN(C)CC3)c(C(F)(F)F)c2)cc1-n1cc(-c2cnc(N3CCCCC3)nc2)nn1,inactive,1629.0
CHEMBL2177639,Cc1ccc(C(=O)Nc2ccc(CN3CCN(C)CC3)c(C(F)(F)F)c2)cc1-n1cc(-c2cnc(NCc3ccccc3)nc2)nn1,active,19.1
CHEMBL2177638,Cc1ccc(C(=O)Nc2ccc(CN3CCN(C)CC3)c(C(F)(F)F)c2)cc1-n1cc(-c2cnc(NC3CCCCC3)nc2)nn1,active,12.8
CHEMBL2177637,Cc1ccc(C(=O)Nc2ccc(CN3CCN(C)CC3)c(C(F)(F)F)c2)cc1-n1cc(-c2cnc(NC(C)C)nc2)nn1,active,5.96
CHEMBL2177636,Cc1ccc(C(=O)Nc2ccc(CN3CCN(C)CC3)c(C(F)(F)F)c2)cc1-n1cc(-c2cnc(NC3CC3)nc2)nn1,active,1.01
CHEMBL2177635,CCNc1ncc(-c2cn(-c3cc(C(=O)Nc4ccc(CN5CCN(C)CC5)c(C(F)(F)F)c4)ccc3C)nn2)cn1,active,1.18
CHEMBL2177634,CNc1ncc(-c2cn(-c3cc(C(=O)Nc4ccc(CN5CCN(C)CC5)c(C(F)(F)F)c4)ccc3C)nn2)cn1,active,0.54
CHEMBL2177633,Cc1ccc(C(=O)Nc2ccc(CN3CCN(C)CC3)c(C(F)(F)F)c2)cc1-n1cc(-c2cnc(N)nc2)nn1,active,0.78
CHEMBL2177632,Cc1ccc(C(=O)Nc2ccc(CN3CCN(C)CC3)c(C(F)(F)F)c2)cc1-n1cc(-c2cnc3ccccn23)nn1,active,0.52
CHEMBL2177631,Cc1ccc(C(=O)Nc2ccc(CN3CCN(C)CC3)c(C(F)(F)F)c2)cc1-n1cc(-c2cnn3cccnc23)nn1,active,2.25
CHEMBL2177630,Cc1ccc(C(=O)Nc2ccc(CN3CCN(C)CC3)c(C(F)(F)F)c2)cc1-n1cc(-c2cnc3ncccn23)nn1,active,3.44
CHEMBL2177629,Cc1ccc(C(=O)Nc2ccc(CN3CCN(C)CC3)c(C(F)(F)F)c2)cc1-n1cc(-c2cnc3cccnn23)nn1,active,2.67
CHEMBL1214141,Cc1ccc(Nc2ncc3c(n2)N(C)C(=O)N(c2cc(NC(=O)c4cccc(C(F)(F)F)c4)ccc2C)C3)cn1,active,1.25
CHEMBL2312185,CNc1nc(C)c(-c2nc(Nc3cccc(N4CCCNCC4)c3)ncc2C#N)s1,inactive,5000.0
CHEMBL2375890,COc1ccc(C(=O)Nc2cccc(C(F)(F)F)c2)cc1Nc1nccc(-c2cccnc2)n1,inactive,4125.31
CHEMBL2375898,COc1ccc(C(=O)Nc2ccncc2)cc1Nc1nccc(-c2cccnc2)n1,inactive,2754.9
CHEMBL2375975,COc1ccc(C(=O)Nc2ccc(OCCN3CCCCC3)cc2)cc1Nc1nccc(-c2cccnc2)n1,inactive,1110.42
CHEMBL2375974,COc1ccc(C(=O)Nc2ccc(OCCN3CCCC3)cc2)cc1Nc1nccc(-c2cccnc2)n1,intermediate,350.08
CHEMBL2375901,COc1ccc(C(=O)Nc2nccs2)cc1Nc1nccc(-c2cccnc2)n1,intermediate,294.34
CHEMBL2375976,COc1ccc(C(=O)Nc2ccc(OCCN3CCOCC3)cc2)cc1Nc1nccc(-c2cccnc2)n1,active,63.31
CHEMBL2375895,COc1ccc(C(=O)Nc2cccc(Cl)c2)cc1Nc1nccc(-c2cccnc2)n1,active,34.77
CHEMBL2375977,COc1ccc(C(=O)Nc2ccc(OCCCN3CCOCC3)cc2)cc1Nc1nccc(-c2cccnc2)n1,active,6.34
CHEMBL2375891,COc1ccc(C(=O)Nc2ccc(Br)cc2)cc1Nc1nccc(-c2cccnc2)n1,active,4.79
CHEMBL2375889,COc1ccc(C(=O)Nc2ccc(F)c(Cl)c2)cc1Nc1nccc(-c2cccnc2)n1,active,4.73
CHEMBL2375900,COc1ccc(C(=O)Nc2ncccn2)cc1Nc1nccc(-c2cccnc2)n1,active,3.78
CHEMBL2375892,COc1ccc(C(=O)Nc2cccc(F)c2)cc1Nc1nccc(-c2cccnc2)n1,active,3.21
CHEMBL2375972,COc1ccc(C(=O)Nc2ccc(OCCN(C)C)cc2)cc1Nc1nccc(-c2cccnc2)n1,active,2.34
CHEMBL2375973,CCN(CC)CCOc1ccc(NC(=O)c2ccc(OC)c(Nc3nccc(-c4cccnc4)n3)c2)cc1,active,1.48
CHEMBL2375971,COc1ccc(C(=O)Nc2ccc(OCCCN(C)C)cc2)cc1Nc1nccc(-c2cccnc2)n1,active,0.52
CHEMBL255863,Cc1cn(-c2cc(NC(=O)c3ccc(C)c(Nc4nccc(-c5cccnc5)n4)c3)cc(C(F)(F)F)c2)cn1,active,0.33
CHEMBL2386595,[2H]C([2H])([2H])N1CCN(Cc2ccc(C(=O)Nc3ccc(C)c(Nc4nccc(-c5cccnc5)n4)c3)cc2)CC1,intermediate,682.0
CHEMBL2386595,[2H]C([2H])([2H])N1CCN(Cc2ccc(C(=O)Nc3ccc(C)c(Nc4nccc(-c5cccnc5)n4)c3)cc2)CC1,intermediate,436.0
CHEMBL2386594,CS(=O)(=O)O.Cc1ccc(NC(=O)c2ccc(CN3CCNCC3)cc2)cc1Nc1nccc(-c2cccnc2)n1,intermediate,512.0
CHEMBL2386594,CS(=O)(=O)O.Cc1ccc(NC(=O)c2ccc(CN3CCNCC3)cc2)cc1Nc1nccc(-c2cccnc2)n1,inactive,1558.0
CHEMBL2386594,CS(=O)(=O)O.Cc1ccc(NC(=O)c2ccc(CN3CCNCC3)cc2)cc1Nc1nccc(-c2cccnc2)n1,inactive,2229.0
CHEMBL941,Cc1ccc(NC(=O)c2ccc(CN3CCN(C)CC3)cc2)cc1Nc1nccc(-c2cccnc2)n1,intermediate,194.0
CHEMBL941,Cc1ccc(NC(=O)c2ccc(CN3CCN(C)CC3)cc2)cc1Nc1nccc(-c2cccnc2)n1,intermediate,678.0
CHEMBL941,Cc1ccc(NC(=O)c2ccc(CN3CCN(C)CC3)cc2)cc1Nc1nccc(-c2cccnc2)n1,intermediate,221.0
CHEMBL3098614,Cc1ccc(NC(=O)c2ccc(CN3CCN(Cc4ccc(I)cc4)CC3)cc2)cc1Nc1nccc(-c2cccnc2)n1,intermediate,739.5
CHEMBL3098615,Cc1ccc(NC(=O)c2ccc(CN3CCN(CCO)CC3)cc2)cc1Nc1nccc(-c2cccnc2)n1,inactive,7083.0
CHEMBL941,Cc1ccc(NC(=O)c2ccc(CN3CCN(C)CC3)cc2)cc1Nc1nccc(-c2cccnc2)n1,intermediate,116.0
CHEMBL3098616,Cc1ccc(NC(=O)c2ccc(CN3CCN(CCF)CC3)cc2)cc1Nc1nccc(-c2cccnc2)n1,inactive,1378.0
CHEMBL1171837,Cc1ccc(C(=O)Nc2ccc(CN3CCN(C)CC3)c(C(F)(F)F)c2)cc1C#Cc1cnc2cccnn12,active,0.5
CHEMBL388978,CN[C@@H]1C[C@H]2O[C@@](C)([C@@H]1OC)n1c3ccccc3c3c4c(c5c6ccccc6n2c5c31)C(=O)NC4,intermediate,121.8
CHEMBL3597702,Cc1ccc(NC(=O)c2ccc(CN3CCN(CCO)CC3)cc2)cc1-n1cc(-c2cccnc2)cn1,intermediate,175.3
CHEMBL3597701,CCN1CCN(Cc2ccc(C(=O)Nc3ccc(C)c(-n4cc(-c5cccnc5)cn4)c3)cc2)CC1,active,16.87
CHEMBL3597700,Cc1ccc(NC(=O)c2ccc(CN3CCCC3)cc2)cc1-n1cc(-c2cccnc2)cn1,intermediate,117.4
CHEMBL3597615,Cc1ccc(NC(=O)c2ccc(CN3CCCN(C)CC3)cc2)cc1-n1cc(-c2cccnc2)cn1,active,26.58
CHEMBL3597614,CCN(CC)Cc1ccc(C(=O)Nc2ccc(C)c(-n3cc(-c4cccnc4)cn3)c2)cc1,intermediate,129.1
CHEMBL3597613,Cc1ccc(NC(=O)c2ccc(Cn3ccnc3)cc2)cc1-n1cc(-c2cccnc2)cn1,intermediate,326.0
CHEMBL3597612,Cc1ccc(NC(=O)c2ccc(CN3CCOCC3)cc2)cc1-n1cc(-c2cccnc2)cn1,intermediate,178.0
CHEMBL3597611,Cc1ccc(NC(=O)c2ccc(CN3CCN(C)CC3)cc2)cc1-n1cc(-c2cccnc2)cn1,active,50.6
CHEMBL3597610,COc1ccc(C(=O)Nc2ccc(C)c(-n3cc(-c4cccnc4)cn3)c2)cc1,active,46.2
CHEMBL3597609,Cc1ccc(NC(=O)c2ccc(C(F)(F)F)cc2)cc1-n1cc(-c2cccnc2)cn1,active,43.27
CHEMBL3597608,CCc1ccc(C(=O)Nc2ccc(C)c(-n3cc(-c4cccnc4)cn3)c2)cc1,active,41.02
CHEMBL3597607,Cc1ccc(NC(=O)c2ccc(F)cc2)cc1-n1cc(-c2cccnc2)cn1,intermediate,213.5
CHEMBL3597606,Cc1ccc(NC(=O)c2cccc(Cl)c2)cc1-n1cc(-c2cccnc2)cn1,active,15.9
CHEMBL3597605,Cc1ccc(NC(=O)c2cccc(C(F)(F)F)c2)cc1-n1cc(-c2cccnc2)cn1,active,14.2
CHEMBL3357281,O=C(c1ccc(-c2cc(Nc3cccc(F)c3)ncn2)cc1)N1CCN(C(=O)c2ccccc2F)CC1,active,17.0
CHEMBL3827178,C[C@@H](Oc1ccc2[nH]nc(-c3nc4cc(N5CCN(C)CC5)ccc4[nH]3)c2c1)c1c(Cl)cncc1Cl,active,100.0
CHEMBL4077561,CCc1ccc(C(=O)Nc2cc(CN3CCN(C)CC3)cc(C(F)(F)F)c2)cc1C#Cc1ccc2ccnn2c1,intermediate,414.0
CHEMBL4095191,CN1CCN(Cc2cc(NC(=O)c3ccc4c(c3)CN(c3cncnc3)CC4)cc(C(F)(F)F)c2)CC1,inactive,10000.0
CHEMBL4066114,C[C@H]1CN(c2cncnc2)Cc2cc(C(=O)Nc3cc(CN4CCN(C)CC4)cc(C(F)(F)F)c3)ccc21,inactive,10000.0
CHEMBL4087485,CC1CN(c2cncnc2)Cc2cc(C(=O)Nc3cc(CN4CCN(C)CC4)cc(C(F)(F)F)c3)ccc21,inactive,2100.0
CHEMBL4103865,CN1CCN(Cc2cc(NC(=O)c3ccc4c(c3)CN(c3ccncn3)CC4)cc(C(F)(F)F)c2)CC1,inactive,10000.0
CHEMBL4079610,CN1CCN(Cc2cc(NC(=O)c3ccc4c(c3)CN(Cc3cncnc3)CC4)cc(C(F)(F)F)c2)CC1,inactive,10000.0
CHEMBL4096111,CC1Cc2ccc(C(=O)Nc3cc(CN4CCN(C)CC4)cc(C(F)(F)F)c3)cc2CN1c1cncnc1,inactive,10000.0
CHEMBL4068810,CN1CCN(Cc2cc(NC(=O)c3ccc4c(c3)CN(c3cncnc3)CC4(C)C)cc(C(F)(F)F)c2)CC1,inactive,10000.0
CHEMBL4088388,C[C@H]1CN(c2cncnc2)Cc2cc(NC(=O)c3cc(CN4CCN(C)CC4)cc(C(F)(F)F)c3)ccc21,inactive,10000.0
CHEMBL4060157,C[C@@H]1CN(c2cncnc2)Cc2cc(NC(=O)c3cc(CN4CCN(C)CC4)cc(C(F)(F)F)c3)ccc21,inactive,10000.0
CHEMBL4102056,CC1CN(c2cncnc2)Cc2cc(NC(=O)Nc3cc(CN4CCN(C)CC4)cc(C(F)(F)F)c3)ccc21,inactive,10000.0
CHEMBL4084076,CC1CN(c2cncnc2)Cc2cc(C(=O)Nc3cccc(CN4CCN(C)CC4)c3)ccc21,inactive,10000.0
CHEMBL4064078,CCc1cc(CN2CCN(C)CC2)cc(NC(=O)c2ccc3c(c2)CN(c2cncnc2)CC3C)c1,inactive,10000.0
CHEMBL4091837,CC(C)c1cc(CN2CCN(C)CC2)cc(NC(=O)c2ccc3c(c2)CN(c2cncnc2)CC3C)c1,inactive,8700.0
CHEMBL4077200,CC1CN(c2cncnc2)Cc2cc(C(=O)Nc3cc(CN4CCN(C)CC4)cc(C(C)(C)C)c3)ccc21,inactive,4300.0
CHEMBL4065684,CC1CN(c2cncnc2)Cc2cc(C(=O)Nc3cc(CN4CCN(C)CC4)cc(C4CC4)c3)ccc21,inactive,9900.0
CHEMBL4083149,CC1CN(c2cncnc2)Cc2cc(C(=O)Nc3cc(CN4CCN(C)CC4)cc(C4CCCCC4)c3)ccc21,inactive,10000.0
CHEMBL4070502,CC1CN(c2cncnc2)Cc2cc(C(=O)Nc3cc(CN4CCN(C)CC4)cc(-c4ccccc4)c3)ccc21,inactive,10000.0
CHEMBL4085787,CC1CN(c2cncnc2)Cc2cc(C(=O)Nc3cccc(C(F)(F)F)c3)ccc21,inactive,10000.0
CHEMBL4063046,CC1CN(c2cncnc2)Cc2cc(C(=O)Nc3cc(C(F)(F)F)ccc3CN3CCN(C)CC3)ccc21,inactive,10000.0
CHEMBL4088784,CC1CN(c2cncnc2)Cc2cc(C(=O)Nc3ccc(CN4CCN(C)CC4)c(C(F)(F)F)c3)ccc21,intermediate,547.0
CHEMBL4060550,CC1CN(c2cncnc2)Cc2cc(C(=O)Nc3cc(N4CCN(C)CC4)cc(C(F)(F)F)c3)ccc21,inactive,10000.0
CHEMBL4096477,CC1CN(c2cncnc2)Cc2cc(C(=O)Nc3cc(CCN4CCN(C)CC4)cc(C(F)(F)F)c3)ccc21,inactive,10000.0
CHEMBL4069234,CCN1CCN(Cc2cc(NC(=O)c3ccc4c(c3)CN(c3cncnc3)CC4C)cc(C(F)(F)F)c2)CC1,inactive,10000.0
CHEMBL4096896,CC1CN(c2cncnc2)Cc2cc(C(=O)Nc3cc(CN4CCN(C5CCCCC5)CC4)cc(C(F)(F)F)c3)ccc21,inactive,10000.0
CHEMBL4078110,CC1CN(c2cncnc2)Cc2cc(C(=O)Nc3cc(CN4CCOCC4)cc(C(F)(F)F)c3)ccc21,inactive,10000.0
CHEMBL4066530,CC1CN(c2cncnc2)Cc2cc(C(=O)Nc3cc(CN4CCSCC4)cc(C(F)(F)F)c3)ccc21,inactive,10000.0
CHEMBL4087848,CC1CN(c2cncnc2)Cc2cc(C(=O)Nc3cc(CN4CCCCC4)cc(C(F)(F)F)c3)ccc21,inactive,10000.0
CHEMBL4069922,CC1CN(c2cncnc2)Cc2cc(C(=O)Nc3cc(CN4CCCC4)cc(C(F)(F)F)c3)ccc21,inactive,10000.0
CHEMBL4086988,CC1CN(c2cncnc2)Cc2cc(C(=O)Nc3cc(CN(C)C)cc(C(F)(F)F)c3)ccc21,inactive,10000.0
CHEMBL4075510,CC1CN(c2cncnc2)Cc2cc(C(=O)Nc3cc(CN4CCCN(C)CC4)cc(C(F)(F)F)c3)ccc21,inactive,10000.0
CHEMBL4097012,C[C@H]1CN(c2cncnc2)Cc2cc(C(=O)Nc3cc(CN4CCCN(C)CC4)cc(C(F)(F)F)c3)ccc21,inactive,8100.0
CHEMBL4059972,C[C@@H]1CN(c2cncnc2)Cc2cc(C(=O)Nc3cc(CN4CCCN(C)CC4)cc(C(F)(F)F)c3)ccc21,inactive,10000.0
CHEMBL255863,Cc1cn(-c2cc(NC(=O)c3ccc(C)c(Nc4nccc(-c5cccnc5)n4)c3)cc(C(F)(F)F)c2)cn1,active,30.0
CHEMBL5416410,Cc1nc(Nc2ncc(C(=O)Nc3c(C)cccc3Cl)s2)cc(N2CCN(CCO)CC2)n1.O,active,15.0
CHEMBL3736320,CC(C)n1nc(C#Cc2cccc(NC(=O)c3cccc(C(F)(F)F)c3)c2)c2c(N)ncnc21,active,7.5
CHEMBL4237900,CC(C)n1nc(C#Cc2cccc3cc(-c4ccc(CN5CCN(C)CC5)cc4)ncc23)c2c(N)ncnc21,intermediate,211.0
CHEMBL3736320,CC(C)n1nc(C#Cc2cccc(NC(=O)c3cccc(C(F)(F)F)c3)c2)c2c(N)ncnc21,active,7.5
CHEMBL4242050,Cc1ccc2cc(-c3cccc(C(F)(F)F)c3)ncc2c1C#Cc1nn(C(C)C)c2ncnc(N)c12,intermediate,435.0
CHEMBL4237900,CC(C)n1nc(C#Cc2cccc3cc(-c4ccc(CN5CCN(C)CC5)cc4)ncc23)c2c(N)ncnc21,intermediate,354.0
CHEMBL4248365,CCn1nc(C#Cc2cccc3cc(-c4cccc(C(F)(F)F)c4)ncc23)c2c(N)ncnc21,inactive,1107.0
CHEMBL4247506,CC(C)n1nc(C#Cc2cccc3cc(-c4cccc(C(F)(F)F)c4)ncc23)c2c(N)ncnc21,intermediate,942.0
CHEMBL941,Cc1ccc(NC(=O)c2ccc(CN3CCN(C)CC3)cc2)cc1Nc1nccc(-c2cccnc2)n1,active,38.0
CHEMBL20867,Cc1ccc(C(=O)Nc2ccc(C)c(Nc3nccc(-c4cccnc4)n3)c2)cc1,intermediate,200.0
CHEMBL4290371,CNC(=O)c1cccc2cc(Oc3ccnc(NC(=O)c4ccc(N5CCN(C)CC5)cc4)c3)ccc12,inactive,1000.0
CHEMBL2336015,CCc1ccc(C(=O)Nc2cc(CN3CCN(C)CC3)cc(C(F)(F)F)c2)cc1C#Cc1cnc2ccnn2c1,intermediate,355.0
CHEMBL4473475,CCc1ccc(C(=O)Nc2cc(CN3CCN(C)CC3)cc(C(F)(F)F)c2)cc1-c1cccc(-c2cnc3cnccn23)c1,intermediate,437.0
CHEMBL4544048,CCc1ccc(C(=O)Nc2cccc(CN3CCN(C)CC3)c2)cc1-c1cccc(-c2cnc3cnccn23)c1,intermediate,989.3
CHEMBL4438475,CCc1ccc(C(=O)Nc2cccc(C(F)(F)F)c2)cc1-c1cccc(-c2cnc3cnccn23)c1,inactive,2220.0
CHEMBL4575992,CCc1ccc(C(=O)Nc2ccc(C(F)(F)F)cc2)cc1-c1cccc(-c2cnc3cnccn23)c1,inactive,4992.0
CHEMBL4583808,CCc1ccc(C(=O)Nc2ccccc2)cc1-c1cccc(-c2cnc3cnccn23)c1,inactive,5120.0
CHEMBL4464080,Cc1ccc(C(=O)Nc2cccc(C(F)(F)F)c2)cc1-c1cccc(-c2cnc3cnccn23)c1,intermediate,237.0
CHEMBL4586565,CCc1ccc(C(=O)Nc2cccc(C(F)(F)F)c2)cc1-c1cccc(-c2cnc3cnccn23)c1C,inactive,1813.0
CHEMBL4535081,CCc1ccc(C(=O)Nc2cccc(C(F)(F)F)c2)cc1-c1cc(-c2cnc3cnccn23)ccc1C,inactive,1452.0
CHEMBL4466438,CCc1ccc(C(=O)Nc2cccc(C(F)(F)F)c2)cc1-c1cc(OC)cc(-c2cnc3cnccn23)c1,inactive,3696.0
CHEMBL4583783,CCc1ccc(C(=O)Nc2cccc(C(F)(F)F)c2)cc1-c1cc(C#N)cc(-c2cnc3cnccn23)c1,inactive,5637.0
CHEMBL4571430,CCc1ccc(C(=O)Nc2cccc(C(F)(F)F)c2)cc1-c1cc(F)cc(-c2cnc3cnccn23)c1,inactive,5345.0
CHEMBL571546,O=C(Cc1ccc(-c2ccc(OCCN3CCOCC3)cc2)cn1)NCc1ccccc1,active,100.0
CHEMBL483847,NC(=O)c1cccc(-c2cc(Nc3ccc(OC(F)(F)F)cc3)ncn2)c1,intermediate,267.0
CHEMBL941,Cc1ccc(NC(=O)c2ccc(CN3CCN(C)CC3)cc2)cc1Nc1nccc(-c2cccnc2)n1,intermediate,143.8
CHEMBL255863,Cc1cn(-c2cc(NC(=O)c3ccc(C)c(Nc4nccc(-c5cccnc5)n4)c3)cc(C(F)(F)F)c2)cn1,intermediate,110.7
CHEMBL3545413,Cc1ncc(NC(=O)c2ccc(CN3CCN(C)CC3)c(C(F)(F)F)c2)cc1Nc1nccc(-c2cccnc2)n1,active,60.1
CHEMBL941,Cc1ccc(NC(=O)c2ccc(CN3CCN(C)CC3)cc2)cc1Nc1nccc(-c2cccnc2)n1,inactive,2706.0
CHEMBL255863,Cc1cn(-c2cc(NC(=O)c3ccc(C)c(Nc4nccc(-c5cccnc5)n4)c3)cc(C(F)(F)F)c2)cn1,active,23.5
CHEMBL3545413,Cc1ncc(NC(=O)c2ccc(CN3CCN(C)CC3)c(C(F)(F)F)c2)cc1Nc1nccc(-c2cccnc2)n1,active,21.7
CHEMBL941,Cc1ccc(NC(=O)c2ccc(CN3CCN(C)CC3)cc2)cc1Nc1nccc(-c2cccnc2)n1,intermediate,799.3
CHEMBL255863,Cc1cn(-c2cc(NC(=O)c3ccc(C)c(Nc4nccc(-c5cccnc5)n4)c3)cc(C(F)(F)F)c2)cn1,active,30.5
CHEMBL3545413,Cc1ncc(NC(=O)c2ccc(CN3CCN(C)CC3)c(C(F)(F)F)c2)cc1Nc1nccc(-c2cccnc2)n1,active,13.6
CHEMBL941,Cc1ccc(NC(=O)c2ccc(CN3CCN(C)CC3)cc2)cc1Nc1nccc(-c2cccnc2)n1,intermediate,364.0
CHEMBL255863,Cc1cn(-c2cc(NC(=O)c3ccc(C)c(Nc4nccc(-c5cccnc5)n4)c3)cc(C(F)(F)F)c2)cn1,active,39.9
CHEMBL3545413,Cc1ncc(NC(=O)c2ccc(CN3CCN(C)CC3)c(C(F)(F)F)c2)cc1Nc1nccc(-c2cccnc2)n1,active,17.4
CHEMBL941,Cc1ccc(NC(=O)c2ccc(CN3CCN(C)CC3)cc2)cc1Nc1nccc(-c2cccnc2)n1,intermediate,716.3
CHEMBL255863,Cc1cn(-c2cc(NC(=O)c3ccc(C)c(Nc4nccc(-c5cccnc5)n4)c3)cc(C(F)(F)F)c2)cn1,active,38.5
CHEMBL3545413,Cc1ncc(NC(=O)c2ccc(CN3CCN(C)CC3)c(C(F)(F)F)c2)cc1Nc1nccc(-c2cccnc2)n1,active,10.4
CHEMBL941,Cc1ccc(NC(=O)c2ccc(CN3CCN(C)CC3)cc2)cc1Nc1nccc(-c2cccnc2)n1,intermediate,405.3
CHEMBL255863,Cc1cn(-c2cc(NC(=O)c3ccc(C)c(Nc4nccc(-c5cccnc5)n4)c3)cc(C(F)(F)F)c2)cn1,intermediate,216.1
CHEMBL3545413,Cc1ncc(NC(=O)c2ccc(CN3CCN(C)CC3)c(C(F)(F)F)c2)cc1Nc1nccc(-c2cccnc2)n1,intermediate,113.1
CHEMBL941,Cc1ccc(NC(=O)c2ccc(CN3CCN(C)CC3)cc2)cc1Nc1nccc(-c2cccnc2)n1,inactive,3257.0
CHEMBL255863,Cc1cn(-c2cc(NC(=O)c3ccc(C)c(Nc4nccc(-c5cccnc5)n4)c3)cc(C(F)(F)F)c2)cn1,intermediate,347.0
CHEMBL3545413,Cc1ncc(NC(=O)c2ccc(CN3CCN(C)CC3)c(C(F)(F)F)c2)cc1Nc1nccc(-c2cccnc2)n1,intermediate,318.4
CHEMBL941,Cc1ccc(NC(=O)c2ccc(CN3CCN(C)CC3)cc2)cc1Nc1nccc(-c2cccnc2)n1,inactive,8778.0
CHEMBL255863,Cc1cn(-c2cc(NC(=O)c3ccc(C)c(Nc4nccc(-c5cccnc5)n4)c3)cc(C(F)(F)F)c2)cn1,active,37.1
CHEMBL3545413,Cc1ncc(NC(=O)c2ccc(CN3CCN(C)CC3)c(C(F)(F)F)c2)cc1Nc1nccc(-c2cccnc2)n1,active,18.1
CHEMBL941,Cc1ccc(NC(=O)c2ccc(CN3CCN(C)CC3)cc2)cc1Nc1nccc(-c2cccnc2)n1,intermediate,486.5
CHEMBL255863,Cc1cn(-c2cc(NC(=O)c3ccc(C)c(Nc4nccc(-c5cccnc5)n4)c3)cc(C(F)(F)F)c2)cn1,active,12.7
CHEMBL3545413,Cc1ncc(NC(=O)c2ccc(CN3CCN(C)CC3)c(C(F)(F)F)c2)cc1Nc1nccc(-c2cccnc2)n1,active,6.2
CHEMBL941,Cc1ccc(NC(=O)c2ccc(CN3CCN(C)CC3)cc2)cc1Nc1nccc(-c2cccnc2)n1,inactive,1000.0
CHEMBL388978,CN[C@@H]1C[C@H]2O[C@@](C)([C@@H]1OC)n1c3ccccc3c3c4c(c5c6ccccc6n2c5c31)C(=O)NC4,intermediate,121.8
CHEMBL4781579,Cc1ccc(NC(=O)c2ccc(CN3CCN(C)CC3)cc2)cc1-n1cc(-c2cnc3cccnn23)cn1,active,26.07
CHEMBL4780376,Cc1ccc(NC(=O)c2ccc(CN3CCOCC3)cc2)cc1-n1cc(-c2cnc3cccnn23)cn1,intermediate,108.6
CHEMBL4791681,CCc1ccc(C(=O)Nc2ccc(C)c(-n3cc(-c4cnc5cccnn45)cn3)c2)cc1,active,19.4
CHEMBL4760801,Cc1ccc(NC(=O)c2cccc(Cl)c2)cc1-n1cc(-c2cnc3cccnn23)cn1,active,22.2
CHEMBL4744950,Cc1ccc(NC(=O)c2ccc(F)cc2)cc1-n1cc(-c2cnc3cccnn23)cn1,active,80.9
CHEMBL4750498,Cc1ccc(NC(=O)c2ccc(C(F)(F)F)cc2)cc1-n1cc(-c2cnc3cccnn23)cn1,active,74.1
CHEMBL4762806,Cc1ccc(NC(=O)c2cccc(C(F)(F)F)c2)cc1-n1cc(-c2cnc3cccnn23)cn1,active,8.5
CHEMBL4753215,Cc1ccc(NC(=O)c2ccc(CN3CCCN(C)CC3)cc2)cc1-n1cc(-c2cnc3ccnn3c2)cn1,intermediate,621.0
CHEMBL4779313,Cc1ccc(NC(=O)c2ccc(CN3CCOCC3)cc2)cc1-n1cc(-c2cnc3ccnn3c2)cn1,inactive,2436.0
CHEMBL4749097,Cc1ccc(NC(=O)c2ccc(F)cc2)cc1-n1cc(-c2cnc3ccnn3c2)cn1,inactive,10000.0
CHEMBL4743038,Cc1ccc(NC(=O)c2ccc(C(F)(F)F)cc2)cc1-n1cc(-c2cnc3ccnn3c2)cn1,intermediate,803.7
CHEMBL4741331,COc1ccc(C(=O)Nc2ccc(C)c(-n3cc(-c4cnc5ccnn5c4)cn3)c2)cc1,intermediate,766.6
CHEMBL941,Cc1ccc(NC(=O)c2ccc(CN3CCN(C)CC3)cc2)cc1Nc1nccc(-c2cccnc2)n1,active,25.0
CHEMBL5416410,Cc1nc(Nc2ncc(C(=O)Nc3c(C)cccc3Cl)s2)cc(N2CCN(CCO)CC2)n1.O,active,1.0
CHEMBL255863,Cc1cn(-c2cc(NC(=O)c3ccc(C)c(Nc4nccc(-c5cccnc5)n4)c3)cc(C(F)(F)F)c2)cn1,active,1.0
CHEMBL4297524,Cc1cn(-c2cc(NC(=O)c3ccc(C)c(Nc4nccc(-c5cnccn5)n4)c3)cc(C(F)(F)F)c2)cn1,active,1.2
CHEMBL384575,CO[C@H](C(=O)N1Cc2[nH]nc(NC(=O)c3ccc(N4CCN(C)CC4)cc3)c2C1)c1ccccc1,active,47.0
CHEMBL288441,COc1cc(Nc2c(C#N)cnc3cc(OCCCN4CCN(C)CC4)c(OC)cc23)c(Cl)cc1Cl,active,1.4
CHEMBL3545413,Cc1ncc(NC(=O)c2ccc(CN3CCN(C)CC3)c(C(F)(F)F)c2)cc1Nc1nccc(-c2cccnc2)n1,active,1.2
CHEMBL206834,Cc1ccc(NC(=O)c2ccc(CN3CC[C@H](N(C)C)C3)c(C(F)(F)F)c2)cc1Nc1nccc(-c2cncnc2)n1,active,5.8
CHEMBL4130229,Cc1ccc(C(=O)NNC(=O)c2c(C)cccc2Cl)cc1C#Cc1cnc2ccccc2c1,active,0.9
CHEMBL5179613,CC(C)(C)OC(=O)N1C[C@@H](n2cc(-c3ccc(N)nc3)nn2)C[C@H]1C(=O)Nc1ccc(Cl)c(C(F)(F)F)c1,active,0.94
CHEMBL5203239,Nc1ccc(-c2cn([C@@H]3CN[C@H](C(=O)Nc4ccc(Cl)c(C(F)(F)F)c4)C3)nn2)cn1,active,3.11
CHEMBL5193726,CC(=O)Nc1ccc(-c2cn([C@@H]3CN[C@H](C(=O)Nc4ccc(Cl)c(C(F)(F)F)c4)C3)nn2)cn1,active,3.45
CHEMBL5182032,O=C(Nc1ccc(-c2cn([C@@H]3CN[C@H](C(=O)Nc4ccc(Cl)c(C(F)(F)F)c4)C3)nn2)cn1)C1CC1,active,0.65
CHEMBL5202743,CC(C)(C)C(=O)Nc1ccc(-c2cn([C@@H]3CN[C@H](C(=O)Nc4ccc(Cl)c(C(F)(F)F)c4)C3)nn2)cn1,active,41.5
CHEMBL5172694,C=CC(=O)Nc1ccc(-c2cn([C@@H]3CN[C@H](C(=O)Nc4ccc(Cl)c(C(F)(F)F)c4)C3)nn2)cn1,active,9.26
CHEMBL5189577,O=C(Nc1ccc(Cl)c(C(F)(F)F)c1)[C@@H]1C[C@H](n2cc(-c3cncc(C(=O)N4CCOCC4)c3)nn2)CN1,active,60.06
CHEMBL5193389,O=C(NC1CC1)c1cncc(-c2cn([C@@H]3CN[C@H](C(=O)Nc4ccc(Cl)c(C(F)(F)F)c4)C3)nn2)c1,active,1.94
CHEMBL5208081,CCN(CC)C(=O)c1cncc(-c2cn([C@@H]3CN[C@H](C(=O)Nc4ccc(Cl)c(C(F)(F)F)c4)C3)nn2)c1,active,14.47
CHEMBL5177838,CN(C)CCNC(=O)c1cncc(-c2cn([C@@H]3CN[C@H](C(=O)Nc4ccc(Cl)c(C(F)(F)F)c4)C3)nn2)c1,active,29.2
CHEMBL941,Cc1ccc(NC(=O)c2ccc(CN3CCN(C)CC3)cc2)cc1Nc1nccc(-c2cccnc2)n1,active,2.79
CHEMBL5177033,CC(C)(C)OC(=O)N1C[C@@H](n2cc(-c3ccc4c(N)n[nH]c4c3)nn2)C[C@H]1C(=O)Nc1ccc(Cl)c(C(F)(F)F)c1,active,21.86
CHEMBL5185114,Nc1n[nH]c2cc(-c3cn([C@@H]4CN[C@H](C(=O)Nc5ccc(Cl)c(C(F)(F)F)c5)C4)nn3)ccc12,active,15.0
CHEMBL5176514,CC(=O)Nc1n[nH]c2cc(-c3cn([C@@H]4CN[C@H](C(=O)Nc5ccc(Cl)c(C(F)(F)F)c5)C4)nn3)ccc12,active,28.21
CHEMBL5187868,O=C(Nc1n[nH]c2cc(-c3cn([C@@H]4CN[C@H](C(=O)Nc5ccc(Cl)c(C(F)(F)F)c5)C4)nn3)ccc12)C1CC1,active,1.5
CHEMBL5193797,CC(C)(C)OC(=O)N1C[C@@H](n2cc(-c3ccc4c(N)n[nH]c4c3)nn2)C[C@H]1C(=O)Nc1ccc(Cl)cc1Cl,active,60.64
CHEMBL5191144,Nc1n[nH]c2cc(-c3cn([C@@H]4CN[C@H](C(=O)Nc5ccc(Cl)cc5Cl)C4)nn3)ccc12,active,8.6
CHEMBL5207040,CC(=O)Nc1n[nH]c2cc(-c3cn([C@@H]4CN[C@H](C(=O)Nc5ccc(Cl)cc5Cl)C4)nn3)ccc12,active,3.15
CHEMBL5200499,O=C(Nc1n[nH]c2cc(-c3cn([C@@H]4CN[C@H](C(=O)Nc5ccc(Cl)cc5Cl)C4)nn3)ccc12)C1CC1,active,0.83
CHEMBL5203127,CC(C)(C)OC(=O)N1C[C@@H](n2cc(-c3ccc4c(N)n[nH]c4c3)nn2)C[C@H]1C(=O)Nc1ccc(Br)cc1,active,49.99
CHEMBL5203678,Nc1n[nH]c2cc(-c3cn([C@@H]4CN[C@H](C(=O)Nc5ccc(Br)cc5)C4)nn3)ccc12,active,43.57
CHEMBL5197019,CC(=O)Nc1n[nH]c2cc(-c3cn([C@@H]4CN[C@H](C(=O)Nc5ccc(Br)cc5)C4)nn3)ccc12,active,5.85
CHEMBL5187489,O=C(Nc1n[nH]c2cc(-c3cn([C@@H]4CN[C@H](C(=O)Nc5ccc(Br)cc5)C4)nn3)ccc12)C1CC1,active,5.53
CHEMBL5187532,CCN1CCN(c2cc(NC(=O)[C@@H]3C[C@H](n4cc(-c5ccc6c(N)n[nH]c6c5)nn4)CN3)ccc2Cl)CC1,active,8.71
CHEMBL5170705,CC(C)(C)OC(=O)N1C[C@@H](n2cc(-c3ccc4nc(N)sc4n3)nn2)C[C@H]1C(=O)Nc1ccc(Cl)c(C(F)(F)F)c1,active,10.57
CHEMBL5183677,Nc1nc2ccc(-c3cn([C@@H]4CN[C@H](C(=O)Nc5ccc(Cl)c(C(F)(F)F)c5)C4)nn3)nc2s1,active,15.6
CHEMBL5206184,CC(=O)Nc1nc2ccc(-c3cn([C@@H]4CN[C@H](C(=O)Nc5ccc(Cl)c(C(F)(F)F)c5)C4)nn3)nc2s1,active,23.45
CHEMBL5172580,O=C(Nc1nc2ccc(-c3cn([C@@H]4CN[C@H](C(=O)Nc5ccc(Cl)c(C(F)(F)F)c5)C4)nn3)nc2s1)C1CC1,active,24.65
CHEMBL5181452,CC(C)(C)OC(=O)N1C[C@@H](n2cc(-c3ccc4nc(N)sc4n3)nn2)C[C@H]1C(=O)Nc1ccc(Cl)cc1Cl,active,14.66
CHEMBL5207617,Nc1nc2ccc(-c3cn([C@@H]4CN[C@H](C(=O)Nc5ccc(Cl)cc5Cl)C4)nn3)nc2s1,active,9.45
CHEMBL5187601,CC(=O)Nc1nc2ccc(-c3cn([C@@H]4CN[C@H](C(=O)Nc5ccc(Cl)cc5Cl)C4)nn3)nc2s1,active,4.8
CHEMBL5206449,O=C(Nc1nc2ccc(-c3cn([C@@H]4CN[C@H](C(=O)Nc5ccc(Cl)cc5Cl)C4)nn3)nc2s1)C1CC1,active,0.6
CHEMBL5196374,CC(C)(C)OC(=O)N1C[C@@H](n2cc(-c3ccc4nc(N)sc4n3)nn2)C[C@H]1C(=O)Nc1ccc(Br)cc1,active,6.88
CHEMBL5188615,Nc1nc2ccc(-c3cn([C@@H]4CN[C@H](C(=O)Nc5ccc(Br)cc5)C4)nn3)nc2s1,active,27.08
CHEMBL5183302,CC(=O)Nc1nc2ccc(-c3cn([C@@H]4CN[C@H](C(=O)Nc5ccc(Br)cc5)C4)nn3)nc2s1,active,6.99
CHEMBL5207653,O=C(Nc1nc2ccc(-c3cn([C@@H]4CN[C@H](C(=O)Nc5ccc(Br)cc5)C4)nn3)nc2s1)C1CC1,active,10.37
CHEMBL5207090,CC(C)(C)OC(=O)N1C[C@@H](n2cc(-c3ccc4nc(N)sc4n3)nn2)C[C@H]1C(=O)Nc1ccc(F)c(F)c1,active,17.45
CHEMBL5172285,Nc1nc2ccc(-c3cn([C@@H]4CN[C@H](C(=O)Nc5ccc(F)c(F)c5)C4)nn3)nc2s1,intermediate,128.5
CHEMBL5196757,CC(=O)Nc1nc2ccc(-c3cn([C@@H]4CN[C@H](C(=O)Nc5ccc(F)c(F)c5)C4)nn3)nc2s1,intermediate,201.51
CHEMBL5194721,O=C(Nc1nc2ccc(-c3cn([C@@H]4CN[C@H](C(=O)Nc5ccc(F)c(F)c5)C4)nn3)nc2s1)C1CC1,active,30.06
CHEMBL5208315,CS(=O)(=O)Nc1ccc(-c2cn([C@@H]3CN[C@H](C(=O)Nc4ccc(Cl)c(C(F)(F)F)c4)C3)nn2)cn1,active,0.49
CHEMBL5179613,CC(C)(C)OC(=O)N1C[C@@H](n2cc(-c3ccc(N)nc3)nn2)C[C@H]1C(=O)Nc1ccc(Cl)c(C(F)(F)F)c1,intermediate,125.08
CHEMBL5203239,Nc1ccc(-c2cn([C@@H]3CN[C@H](C(=O)Nc4ccc(Cl)c(C(F)(F)F)c4)C3)nn2)cn1,intermediate,302.82
CHEMBL5193726,CC(=O)Nc1ccc(-c2cn([C@@H]3CN[C@H](C(=O)Nc4ccc(Cl)c(C(F)(F)F)c4)C3)nn2)cn1,intermediate,127.31
CHEMBL5182032,O=C(Nc1ccc(-c2cn([C@@H]3CN[C@H](C(=O)Nc4ccc(Cl)c(C(F)(F)F)c4)C3)nn2)cn1)C1CC1,intermediate,337.78
CHEMBL5202743,CC(C)(C)C(=O)Nc1ccc(-c2cn([C@@H]3CN[C@H](C(=O)Nc4ccc(Cl)c(C(F)(F)F)c4)C3)nn2)cn1,inactive,3443.3
CHEMBL5172694,C=CC(=O)Nc1ccc(-c2cn([C@@H]3CN[C@H](C(=O)Nc4ccc(Cl)c(C(F)(F)F)c4)C3)nn2)cn1,intermediate,139.64
CHEMBL5189577,O=C(Nc1ccc(Cl)c(C(F)(F)F)c1)[C@@H]1C[C@H](n2cc(-c3cncc(C(=O)N4CCOCC4)c3)nn2)CN1,intermediate,800.95
CHEMBL5193389,O=C(NC1CC1)c1cncc(-c2cn([C@@H]3CN[C@H](C(=O)Nc4ccc(Cl)c(C(F)(F)F)c4)C3)nn2)c1,active,31.55
CHEMBL5208081,CCN(CC)C(=O)c1cncc(-c2cn([C@@H]3CN[C@H](C(=O)Nc4ccc(Cl)c(C(F)(F)F)c4)C3)nn2)c1,intermediate,261.14
CHEMBL5177838,CN(C)CCNC(=O)c1cncc(-c2cn([C@@H]3CN[C@H](C(=O)Nc4ccc(Cl)c(C(F)(F)F)c4)C3)nn2)c1,intermediate,348.79
CHEMBL941,Cc1ccc(NC(=O)c2ccc(CN3CCN(C)CC3)cc2)cc1Nc1nccc(-c2cccnc2)n1,intermediate,115.64
CHEMBL5177033,CC(C)(C)OC(=O)N1C[C@@H](n2cc(-c3ccc4c(N)n[nH]c4c3)nn2)C[C@H]1C(=O)Nc1ccc(Cl)c(C(F)(F)F)c1,intermediate,150.0
CHEMBL5185114,Nc1n[nH]c2cc(-c3cn([C@@H]4CN[C@H](C(=O)Nc5ccc(Cl)c(C(F)(F)F)c5)C4)nn3)ccc12,intermediate,137.08
CHEMBL5176514,CC(=O)Nc1n[nH]c2cc(-c3cn([C@@H]4CN[C@H](C(=O)Nc5ccc(Cl)c(C(F)(F)F)c5)C4)nn3)ccc12,intermediate,121.01
CHEMBL5187868,O=C(Nc1n[nH]c2cc(-c3cn([C@@H]4CN[C@H](C(=O)Nc5ccc(Cl)c(C(F)(F)F)c5)C4)nn3)ccc12)C1CC1,intermediate,188.4
CHEMBL5193797,CC(C)(C)OC(=O)N1C[C@@H](n2cc(-c3ccc4c(N)n[nH]c4c3)nn2)C[C@H]1C(=O)Nc1ccc(Cl)cc1Cl,inactive,1878.0
CHEMBL5191144,Nc1n[nH]c2cc(-c3cn([C@@H]4CN[C@H](C(=O)Nc5ccc(Cl)cc5Cl)C4)nn3)ccc12,inactive,3667.06
CHEMBL5207040,CC(=O)Nc1n[nH]c2cc(-c3cn([C@@H]4CN[C@H](C(=O)Nc5ccc(Cl)cc5Cl)C4)nn3)ccc12,intermediate,135.44
CHEMBL5200499,O=C(Nc1n[nH]c2cc(-c3cn([C@@H]4CN[C@H](C(=O)Nc5ccc(Cl)cc5Cl)C4)nn3)ccc12)C1CC1,intermediate,199.86
CHEMBL5203127,CC(C)(C)OC(=O)N1C[C@@H](n2cc(-c3ccc4c(N)n[nH]c4c3)nn2)C[C@H]1C(=O)Nc1ccc(Br)cc1,intermediate,236.97
CHEMBL5203678,Nc1n[nH]c2cc(-c3cn([C@@H]4CN[C@H](C(=O)Nc5ccc(Br)cc5)C4)nn3)ccc12,intermediate,309.78
CHEMBL5197019,CC(=O)Nc1n[nH]c2cc(-c3cn([C@@H]4CN[C@H](C(=O)Nc5ccc(Br)cc5)C4)nn3)ccc12,intermediate,343.19
CHEMBL5187489,O=C(Nc1n[nH]c2cc(-c3cn([C@@H]4CN[C@H](C(=O)Nc5ccc(Br)cc5)C4)nn3)ccc12)C1CC1,intermediate,143.87
CHEMBL5187532,CCN1CCN(c2cc(NC(=O)[C@@H]3C[C@H](n4cc(-c5ccc6c(N)n[nH]c6c5)nn4)CN3)ccc2Cl)CC1,active,84.82
CHEMBL5170705,CC(C)(C)OC(=O)N1C[C@@H](n2cc(-c3ccc4nc(N)sc4n3)nn2)C[C@H]1C(=O)Nc1ccc(Cl)c(C(F)(F)F)c1,intermediate,667.22
CHEMBL5183677,Nc1nc2ccc(-c3cn([C@@H]4CN[C@H](C(=O)Nc5ccc(Cl)c(C(F)(F)F)c5)C4)nn3)nc2s1,active,24.69
CHEMBL5206184,CC(=O)Nc1nc2ccc(-c3cn([C@@H]4CN[C@H](C(=O)Nc5ccc(Cl)c(C(F)(F)F)c5)C4)nn3)nc2s1,active,59.62
CHEMBL5172580,O=C(Nc1nc2ccc(-c3cn([C@@H]4CN[C@H](C(=O)Nc5ccc(Cl)c(C(F)(F)F)c5)C4)nn3)nc2s1)C1CC1,intermediate,109.91
CHEMBL5181452,CC(C)(C)OC(=O)N1C[C@@H](n2cc(-c3ccc4nc(N)sc4n3)nn2)C[C@H]1C(=O)Nc1ccc(Cl)cc1Cl,intermediate,410.26
CHEMBL5207617,Nc1nc2ccc(-c3cn([C@@H]4CN[C@H](C(=O)Nc5ccc(Cl)cc5Cl)C4)nn3)nc2s1,intermediate,118.09
CHEMBL5187601,CC(=O)Nc1nc2ccc(-c3cn([C@@H]4CN[C@H](C(=O)Nc5ccc(Cl)cc5Cl)C4)nn3)nc2s1,intermediate,388.49
CHEMBL5206449,O=C(Nc1nc2ccc(-c3cn([C@@H]4CN[C@H](C(=O)Nc5ccc(Cl)cc5Cl)C4)nn3)nc2s1)C1CC1,intermediate,189.79
CHEMBL5196374,CC(C)(C)OC(=O)N1C[C@@H](n2cc(-c3ccc4nc(N)sc4n3)nn2)C[C@H]1C(=O)Nc1ccc(Br)cc1,active,25.21
CHEMBL5188615,Nc1nc2ccc(-c3cn([C@@H]4CN[C@H](C(=O)Nc5ccc(Br)cc5)C4)nn3)nc2s1,intermediate,178.39
CHEMBL5183302,CC(=O)Nc1nc2ccc(-c3cn([C@@H]4CN[C@H](C(=O)Nc5ccc(Br)cc5)C4)nn3)nc2s1,intermediate,169.14
CHEMBL5207653,O=C(Nc1nc2ccc(-c3cn([C@@H]4CN[C@H](C(=O)Nc5ccc(Br)cc5)C4)nn3)nc2s1)C1CC1,active,33.28
CHEMBL5207090,CC(C)(C)OC(=O)N1C[C@@H](n2cc(-c3ccc4nc(N)sc4n3)nn2)C[C@H]1C(=O)Nc1ccc(F)c(F)c1,intermediate,487.02
CHEMBL5172285,Nc1nc2ccc(-c3cn([C@@H]4CN[C@H](C(=O)Nc5ccc(F)c(F)c5)C4)nn3)nc2s1,inactive,1589.62
CHEMBL5196757,CC(=O)Nc1nc2ccc(-c3cn([C@@H]4CN[C@H](C(=O)Nc5ccc(F)c(F)c5)C4)nn3)nc2s1,inactive,1892.0
CHEMBL5194721,O=C(Nc1nc2ccc(-c3cn([C@@H]4CN[C@H](C(=O)Nc5ccc(F)c(F)c5)C4)nn3)nc2s1)C1CC1,inactive,1342.81
CHEMBL5208315,CS(=O)(=O)Nc1ccc(-c2cn([C@@H]3CN[C@H](C(=O)Nc4ccc(Cl)c(C(F)(F)F)c4)C3)nn2)cn1,intermediate,110.85
CHEMBL255863,Cc1cn(-c2cc(NC(=O)c3ccc(C)c(Nc4nccc(-c5cccnc5)n4)c3)cc(C(F)(F)F)c2)cn1,active,30.0
CHEMBL5197174,CN1CCN(c2ccc(Nc3nc(Nc4ccc(F)c(F)c4)c4ncn(CC5CC5)c4n3)cc2)CC1,active,40.0
CHEMBL1171837,Cc1ccc(C(=O)Nc2ccc(CN3CCN(C)CC3)c(C(F)(F)F)c2)cc1C#Cc1cnc2cccnn12,active,0.5
CHEMBL941,Cc1ccc(NC(=O)c2ccc(CN3CCN(C)CC3)cc2)cc1Nc1nccc(-c2cccnc2)n1,intermediate,260.0
CHEMBL941,Cc1ccc(NC(=O)c2ccc(CN3CCN(C)CC3)cc2)cc1Nc1nccc(-c2cccnc2)n1,inactive,6400.0
CHEMBL1171837,Cc1ccc(C(=O)Nc2ccc(CN3CCN(C)CC3)c(C(F)(F)F)c2)cc1C#Cc1cnc2cccnn12,active,1.2
CHEMBL1171837,Cc1ccc(C(=O)Nc2ccc(CN3CCN(C)CC3)c(C(F)(F)F)c2)cc1C#Cc1cnc2cccnn12,active,8.8
CHEMBL1171837,Cc1ccc(C(=O)Nc2ccc(CN3CCN(C)CC3)c(C(F)(F)F)c2)cc1C#Cc1cnc2cccnn12,active,2.0
CHEMBL288441,COc1cc(Nc2c(C#N)cnc3cc(OCCCN4CCN(C)CC4)c(OC)cc23)c(Cl)cc1Cl,active,1.0
CHEMBL5435819,COc1cc(Nc2c(C#N)cnc3cc(OCCON4CCN(C)CC4)c(OC)cc23)c(Cl)cc1Cl,active,1.0
CHEMBL288441,COc1cc(Nc2c(C#N)cnc3cc(OCCCN4CCN(C)CC4)c(OC)cc23)c(Cl)cc1Cl,active,1.0
CHEMBL5435819,COc1cc(Nc2c(C#N)cnc3cc(OCCON4CCN(C)CC4)c(OC)cc23)c(Cl)cc1Cl,active,1.0
CHEMBL288441,COc1cc(Nc2c(C#N)cnc3cc(OCCCN4CCN(C)CC4)c(OC)cc23)c(Cl)cc1Cl,active,1.0
CHEMBL5435819,COc1cc(Nc2c(C#N)cnc3cc(OCCON4CCN(C)CC4)c(OC)cc23)c(Cl)cc1Cl,active,1.0
CHEMBL288441,COc1cc(Nc2c(C#N)cnc3cc(OCCCN4CCN(C)CC4)c(OC)cc23)c(Cl)cc1Cl,active,1.0
CHEMBL5435819,COc1cc(Nc2c(C#N)cnc3cc(OCCON4CCN(C)CC4)c(OC)cc23)c(Cl)cc1Cl,active,1.0
CHEMBL288441,COc1cc(Nc2c(C#N)cnc3cc(OCCCN4CCN(C)CC4)c(OC)cc23)c(Cl)cc1Cl,active,44.0
CHEMBL5435819,COc1cc(Nc2c(C#N)cnc3cc(OCCON4CCN(C)CC4)c(OC)cc23)c(Cl)cc1Cl,active,47.0
CHEMBL288441,COc1cc(Nc2c(C#N)cnc3cc(OCCCN4CCN(C)CC4)c(OC)cc23)c(Cl)cc1Cl,active,1.0
CHEMBL5435819,COc1cc(Nc2c(C#N)cnc3cc(OCCON4CCN(C)CC4)c(OC)cc23)c(Cl)cc1Cl,active,1.0
CHEMBL1852688,CCN1CCN(c2ccc(Nc3cc(N(C)C(=O)Nc4c(Cl)c(OC)cc(OC)c4Cl)ncn3)cc2)CC1,inactive,2192.0
